POINTS_SOLVER;NAME;COUNTRY;POSITION;CLUB;PRICE;ID
0;STANISŁAW PRUSZKOWSKI;POLSKA;BRAMKARZ;WISŁA PŁOCK;0,7;2705
0;KAMIL ANDRZEJKIEWICZ;POLSKA;NAPASTNIK;WIDZEW ŁÓDŹ;0,7;2704
0;IBRAHIMA CAMARÁ;GWINEA;POMOCNIK;RADOMIAK RADOM;1,8;2703
0;STJEPAN DAVIDOVIĆ;CHORWACJA;POMOCNIK;KORONA KIELCE;1,8;2702
0;KACPER PLICHTA;POLSKA;NAPASTNIK;MOTOR LUBLIN;0,7;2701
0;PASKAL MEYER;POLSKA;OBROŃCA;MOTOR LUBLIN;1,5;2700
0;IVO RODRIGUES;PORTUGALIA;POMOCNIK;MOTOR LUBLIN;1,8;2699
0;LEO BENGTSSON;SZWECJA;POMOCNIK;LECH POZNAŃ;2,2;2698
0;KACPER SZYMANEK;POLSKA;POMOCNIK;MOTOR LUBLIN;1,2;2697
0;MATEUSZ GŁOWIŃSKI;POLSKA;NAPASTNIK;KORONA KIELCE;0,7;2696
0;JOAO PEDRO;BRAZYLIA;OBROŃCA;RADOMIAK RADOM;1,8;2695
0;ALEJANDRO CANTERO;HISZPANIA;POMOCNIK;JAGIELLONIA BIAŁYSTOK;2,1;2694
0;MOHAMED AWADALLA;SUDAN;POMOCNIK;LECHIA GDAŃSK;1,7;2693
0;WOJCIECH SZAFRANEK;POLSKA;NAPASTNIK;ZAGŁĘBIE LUBIN;0,9;2692
0;LUKA LUČIĆ;CHORWACJA;OBROŃCA;ZAGŁĘBIE LUBIN;1,8;2691
0;RICARDO VISUS;HISZPANIA;OBROŃCA;WIDZEW ŁÓDŹ;1,8;2690
0;LINDON SELAHI;ALBANIA;POMOCNIK;WIDZEW ŁÓDŹ;2;2689
0;DION GALLAPENI;KOSOWO;OBROŃCA;WIDZEW ŁÓDŹ;1,8;2688
128;ÁNGEL BAENA;HISZPANIA;POMOCNIK;WIDZEW ŁÓDŹ;1,9;2687
0;SAMUEL AKERE;NIGERIA;POMOCNIK;WIDZEW ŁÓDŹ;2,1;2686
0;APÓSTOLOS KONSTANTÓPOULOS;GRECJA;OBROŃCA;RAKÓW CZĘSTOCHOWA;2;2685
0;VASCO LOPES;REPULIKA ZIELONEGO PRZYLĄDKA;POMOCNIK;RADOMIAK RADOM;1,7;2684
0;ALEX NIZIOŁEK;POLSKA;NAPASTNIK;RADOMIAK RADOM;1,6;2683
0;LAURINDO MARIA AURÉLIO;ANGOLA;NAPASTNIK;RADOMIAK RADOM;1,9;2682
0;JÉRÉMY BLASCO;FRANCJA;OBROŃCA;RADOMIAK RADOM;1,8;2681
0;MOR N'DIAYE;SENEGAL;POMOCNIK;POGOŃ SZCZECIN;1,8;2680
0;PAUL MUKAIRU;NIGERIA;POMOCNIK;POGOŃ SZCZECIN;2;2679
0;MARIAN HUJA;PORTUGALIA;OBROŃCA;POGOŃ SZCZECIN;1,9;2678
0;MUSA JUWARA;GAMBIA;POMOCNIK;POGOŃ SZCZECIN;1,9;2677
0;EMMANUEL TWUMASI;GHANA;OBROŃCA;PIAST GLIWICE;1,8;2676
0;QUENTIN BOISGARD;FRANCJA;POMOCNIK;PIAST GLIWICE;1,8;2675
0;MIKOLAJ KOSIOR;POLSKA;NAPASTNIK;MOTOR LUBLIN;1,4;2674
64;KACPER KARASEK;POLSKA;POMOCNIK;MOTOR LUBLIN;1,8;2673
0;FLORIAN HAXHA;KOSOWO;POMOCNIK;MOTOR LUBLIN;1,8;2672
0;KAROL CZUBAK;POLSKA;NAPASTNIK;MOTOR LUBLIN;2;2671
0;PETAR STOJANOVIĆ;SŁOWENIA;OBROŃCA;LEGIA WARSZAWA;2,1;2670
0;MATUS VOJTKO;SŁOWACJA;OBROŃCA;LECHIA GDAŃSK;1,9;2669
0;TAMAR SVETLIN;SŁOWENIA;POMOCNIK;KORONA KIELCE;2,1;2668
0;WIKTOR POPOW;BUŁGARIA;OBROŃCA;KORONA KIELCE;1,7;2667
0;WŁADIMIR NIKOŁOW;BUŁGARIA;NAPASTNIK;KORONA KIELCE;1,9;2666
118;JAKUB BUDNICKI;POLSKA;OBROŃCA;KORONA KIELCE;1,7;2665
0;DIMÍTRIS RÁLLIS;GRECJA;NAPASTNIK;JAGIELLONIA BIAŁYSTOK;2;2664
0;LOUKA PRIP;DANIA;POMOCNIK;JAGIELLONIA BIAŁYSTOK;1,9;2663
0;YŪKI KOBAYASHI;JAPONIA;OBROŃCA;JAGIELLONIA BIAŁYSTOK;1,8;2662
0;BERNARDO VITAL;PORTUGALIA;OBROŃCA;JAGIELLONIA BIAŁYSTOK;1,9;2661
0;THODORÍS TSIRIGÓTIS;GRECJA;NAPASTNIK;GÓRNIK ZABRZE;2;2660
0;MARCEL ŁUBIK;POLSKA;BRAMKARZ;GÓRNIK ZABRZE;1,7;2659
0;YOUNG-JUN GOH;KOREA POŁUDNIOWA;POMOCNIK;GÓRNIK ZABRZE;1,9;2658
0;GABRIEL BARBOSA;BRAZYLIA;NAPASTNIK;GÓRNIK ZABRZE;2,1;2657
160;NATAN DZIĘGIELEWSKI;POLSKA;POMOCNIK;GÓRNIK ZABRZE;1,8;2656
0;BASTIEN DONIO;FRANCJA;POMOCNIK;GÓRNIK ZABRZE;1,8;2655
72;AMIN AL-HAMAWI;IRAK;NAPASTNIK;WISŁA PŁOCK;1,9;2654
0;ADRIAN BIELKA;POLSKA;POMOCNIK;WISŁA PŁOCK;0,8;2653
80;KRYSTIAN POMORSKI;POLSKA;POMOCNIK;WISŁA PŁOCK;1,5;2652
82;MACIEJ FAMULAK;POLSKA;POMOCNIK;WISŁA PŁOCK;1,5;2651
132;IBAN SALVADOR;HISZPANIA;POMOCNIK;WISŁA PŁOCK;1,8;2650
100;JORGE JIMÉNEZ;HISZPANIA;POMOCNIK;WISŁA PŁOCK;2;2649
8;JAKUB LEJMAN;POLSKA;POMOCNIK;WISŁA PŁOCK;0,7;2648
0;GLEB KUCHKO;POLSKA;POMOCNIK;WISŁA PŁOCK;1,2;2647
0;OSKAR TOMCZYK;POLSKA;POMOCNIK;WISŁA PŁOCK;1,7;2646
0;KEVIN CUSTOVIC;SZWECJA;POMOCNIK;WISŁA PŁOCK;1,8;2645
0;FILIP ŁODZIŃSKI;POLSKA;POMOCNIK;WISŁA PŁOCK;1;2644
0;FILIP ZAJĄC;POLSKA;OBROŃCA;WISŁA PŁOCK;0,7;2643
0;MARCIN WIĘCKOWSKI;POLSKA;OBROŃCA;WISŁA PŁOCK;1,2;2642
0;PRZEMYSLAW MISIAK;POLSKA;OBROŃCA;WISŁA PŁOCK;1,5;2641
112;MARCUS HAGLIND-SANGRÉ;SZWECJA;OBROŃCA;WISŁA PŁOCK;1,8;2640
80;ANDRIAS EDMUNDSSON;WYSPY OWCZE;OBROŃCA;WISŁA PŁOCK;1,7;2639
0;ALEKSANDRE KALANDADZE;GRUZJA;OBROŃCA;WISŁA PŁOCK;1,8;2638
0;MARCIN KAMINSKI;POLSKA;OBROŃCA;WISŁA PŁOCK;1,8;2637
0;OSKAR KLON;POLSKA;BRAMKARZ;WISŁA PŁOCK;0,7;2636
0;DIEGO DEISADZE;GRUZJA;NAPASTNIK;BRUK-BET TERMALICA NIECIECZA;1,1;2635
0;JAKUB BRANECKI;POLSKA;NAPASTNIK;BRUK-BET TERMALICA NIECIECZA;1,5;2634
0;JAKUB MARCINKOWSKI;POLSKA;POMOCNIK;BRUK-BET TERMALICA NIECIECZA;1,3;2633
0;BRUNO WACLAWEK;POLSKA;POMOCNIK;BRUK-BET TERMALICA NIECIECZA;1,4;2632
58;DOMINIK BINIEK;POLSKA;POMOCNIK;BRUK-BET TERMALICA NIECIECZA;1,4;2631
0;NOAH MROSEK;POLSKA;POMOCNIK;BRUK-BET TERMALICA NIECIECZA;1,5;2630
90;MORGAN FASSBENDER;NIEMCY;NAPASTNIK;BRUK-BET TERMALICA NIECIECZA;1,7;2629
0;ERWIN BAHONKO;POLSKA;POMOCNIK;BRUK-BET TERMALICA NIECIECZA;0,9;2628
0;TOMASZ PLANETA;POLSKA;POMOCNIK;BRUK-BET TERMALICA NIECIECZA;0,7;2627
0;ARKADIUSZ MORAG;POLSKA;OBROŃCA;BRUK-BET TERMALICA NIECIECZA;0,7;2626
0;THIAGO DOMBROSKI;BRAZYLIA;OBROŃCA;BRUK-BET TERMALICA NIECIECZA;1,6;2625
48;GABRIEL ISIK;NIEMCY;OBROŃCA;BRUK-BET TERMALICA NIECIECZA;1,7;2624
0;ERIC TOPOR;POLSKA;BRAMKARZ;BRUK-BET TERMALICA NIECIECZA;0,7;2623
0;ADRIAN CHOVAN;SŁOWACJA;BRAMKARZ;BRUK-BET TERMALICA NIECIECZA;1,7;2622
0;LUCAS MASOERO;ARGENTYNA;OBROŃCA;BRUK-BET TERMALICA NIECIECZA;1,8;2621
0;RADU BOBOC;RUMUNIA;OBROŃCA;BRUK-BET TERMALICA NIECIECZA;1,7;2620
0;WIKTOR SAWICKI;POLSKA;NAPASTNIK;ARKA GDYNIA;0,7;2619
66;MARCEL PREDENKIEWICZ;POLSKA;POMOCNIK;ARKA GDYNIA;1,6;2618
10;KACPER SKÓRA;POLSKA;POMOCNIK;ARKA GDYNIA;1,6;2617
36;KAMIL JAKUBCZYK;POLSKA;POMOCNIK;ARKA GDYNIA;1,1;2616
64;HIDE VITALUCCI;WŁOCHY;POMOCNIK;ARKA GDYNIA;1,8;2614
0;ALASSANE SIDIBE;WKS;POMOCNIK;ARKA GDYNIA;1,7;2612
0;WOJCIECH ZIELIŃSKI;POLSKA;POMOCNIK;ARKA GDYNIA;0,9;2611
170;MARC NAVARRO;HISZPANIA;OBROŃCA;ARKA GDYNIA;1,8;2610
138;DAWID GOJNY;POLSKA;OBROŃCA;ARKA GDYNIA;1,8;2609
0;VOLODYMYR VERESHCHAK;UKRAINA;OBROŃCA;ARKA GDYNIA;0,7;2608
0;KAMIL GORECKI;POLSKA;OBROŃCA;ARKA GDYNIA;0,7;2607
108;KIKE HERMOSO;HISZPANIA;OBROŃCA;ARKA GDYNIA;1,7;2606
52;JULIEN CÉLESTINE;FRANCJA;OBROŃCA;ARKA GDYNIA;1,8;2605
0;PAWEŁ DEPKA;POLSKA;BRAMKARZ;ARKA GDYNIA;0,7;2604
0;OSCAR KUBIAK;POLSKA;OBROŃCA;ARKA GDYNIA;0,7;2603
0;DIEGO PERCAN;HISZPANIA;NAPASTNIK;ARKA GDYNIA;1,8;2602
0;FILIP STOJILKOVIĆ;SZWAJCARIA;NAPASTNIK;CRACOVIA;2,1;2601
0;RADOSŁAW SZAFRAŃSKI;POLSKA;OBROŃCA;GÓRNIK ZABRZE;0,7;2600
0;ADAM MATYSEK;POLSKA;BRAMKARZ;ZAGŁĘBIE LUBIN;0,7;2598
1;KAMIL NOWOGOŃSKI;POLSKA;POMOCNIK;ZAGŁĘBIE LUBIN;0,7;2597
0;JAKUB KOWALSKI;POLSKA;POMOCNIK;KORONA KIELCE;0,7;2596
1;DAWID POLAK;POLSKA;POMOCNIK;CRACOVIA;0,7;2595
0;JUSTIN DANIEL;POLSKA;POMOCNIK;PIAST GLIWICE;0,7;2594
0;SZYMON KILIANEK;POLSKA;OBROŃCA;RADOMIAK RADOM;0,7;2592
28;MAURO PERKOVIĆ;CHORWACJA;OBROŃCA;CRACOVIA;1,9;2588
1;MATEUSZ KOPCZYŃSKI;POLSKA;POMOCNIK;PIAST GLIWICE;0,7;2587
0;RENYER;BRAZYLIA;NAPASTNIK;POGOŃ SZCZECIN;1,8;2583
18;MARTIN MINCZEW;BUŁGARIA;POMOCNIK;CRACOVIA;1,7;2582
29;PETER THERKILDSEN;DANIA;OBROŃCA;WIDZEW ŁÓDŹ;1,8;2581
0;JAKUB ZAWADZKI;POLSKA;OBROŃCA;POGOŃ SZCZECIN;0,7;2579
22;JOSIP ĆORLUKA;BOŚNIA I HERCEGOWINA;OBROŃCA;ZAGŁĘBIE LUBIN;1,7;2577
1;PASCAL MOZIE;POLSKA;POMOCNIK;LEGIA WARSZAWA;0,7;2574
3;OLIWIER OLEWIŃSKI;POLSKA;OBROŃCA;LEGIA WARSZAWA;0,7;2573
38;GUSTAW HENRIKSSON;SZWECJA;OBROŃCA;CRACOVIA;1,8;2571
0;MATIJA MARSENIĆ;CZARNOGÓRA;POMOCNIK;GÓRNIK ZABRZE;1,9;2570
34;MATÚŠ KMEŤ;SŁOWACJA;OBROŃCA;GÓRNIK ZABRZE;1,8;2569
18;OUSMANE SOW;SENEGAL;NAPASTNIK;GÓRNIK ZABRZE;1,6;2568
45;JOSÉ POZO;HISZPANIA;POMOCNIK;POGOŃ SZCZECIN;2;2566
4;SAMMY DUDEK;POLSKA;POMOCNIK;LECH POZNAŃ;0,7;2565
0;KAMIL SOCHAŃ;POLSKA;OBROŃCA;ZAGŁĘBIE LUBIN;1,1;2564
0;DIMÍTRIOS RÉTSOS;GRECJA;OBROŃCA;JAGIELLONIA BIAŁYSTOK;1,2;2563
4;BARTOSZ MAZUREK;POLSKA;POMOCNIK;JAGIELLONIA BIAŁYSTOK;0,7;2562
0;MICHAŁ MIKIELEWICZ;POLSKA;BRAMKARZ;KORONA KIELCE;0,7;2561
2;KONRAD CISZEK;POLSKA;OBROŃCA;KORONA KIELCE;0,7;2560
2;IBRAHIMA SECK;SENEGAL;POMOCNIK;RAKÓW CZĘSTOCHOWA;1,7;2558
39;ABDOUL TAPSOBA;BURKINA FASO;POMOCNIK;RADOMIAK RADOM;1,8;2557
5;NIKODEM STACHOWICZ;POLSKA;POMOCNIK;WIDZEW ŁÓDŹ;0,7;2555
1;LEON MADEJ;POLSKA;POMOCNIK;WIDZEW ŁÓDŹ;0,7;2554
1;ALEKSANDER WYGANOWSKI;POLSKA;POMOCNIK;LEGIA WARSZAWA;0,7;2553
37;KONSTANTÍNOS SOTIRÍOU;CYPR;OBROŃCA;KORONA KIELCE;1,8;2552
0;KAMIL KOCZY;POLSKA;POMOCNIK;ZAGŁĘBIE LUBIN;1,4;2550
1;ABBATI ABDULLAHI;NIGERIA;POMOCNIK;GÓRNIK ZABRZE;1,7;2548
27;HERVÉ MATTHYS;BELGIA;OBROŃCA;MOTOR LUBLIN;1,7;2545
10;POLYDÉFKIS VOLANÁKIS;GRECJA;OBROŃCA;WIDZEW ŁÓDŹ;1,7;2542
33;LEON FLACH;USA;POMOCNIK;JAGIELLONIA BIAŁYSTOK;1,9;2541
8;LUDVIG FRITZSON;SZWECJA;POMOCNIK;ZAGŁĘBIE LUBIN;1,8;2539
25;STEVE KINGUÉ;KAMERUN;OBROŃCA;RADOMIAK RADOM;1,6;2535
16;PAULIUS GOLUBICKAS;LITWA;POMOCNIK;RADOMIAK RADOM;1,6;2534
2;MATEUSZ BĄK;POLSKA;POMOCNIK;POGOŃ SZCZECIN;0,7;2533
18;GAŠPER TRATNIK;SŁOWENIA;BRAMKARZ;MOTOR LUBLIN;1,7;2531
0;FRANCISZEK LEWANDOWSKI;POLSKA;POMOCNIK;MOTOR LUBLIN;0,7;2530
13;BRIGHT EDE;POLSKA;OBROŃCA;MOTOR LUBLIN;1,6;2529
22;MICHAŁ GŁOGOWSKI;POLSKA;POMOCNIK;LECHIA GDAŃSK;1,2;2528
13;GISLI THORDARSON;ISLANDIA;POMOCNIK;LECH POZNAŃ;1,9;2527
13;SONDRE LISETH;NORWEGIA;POMOCNIK;GÓRNIK ZABRZE;1,6;2526
1;DANIEL GRYZIO;POLSKA;NAPASTNIK;WIDZEW ŁÓDŹ;0,7;2524
0;MACIEJ WICHTOWSKI;POLSKA;OBROŃCA;LECH POZNAŃ;0,7;2523
0;MATEUSZ POMIETŁO;POLSKA;POMOCNIK;CRACOVIA;0,7;2520
32;OSKAR PIETUSZEWSKI;POLSKA;POMOCNIK;JAGIELLONIA BIAŁYSTOK;1,7;2519
0;ADAM BASSE;USA;NAPASTNIK;RAKÓW CZĘSTOCHOWA;0,7;2517
0;BORYS JESIONOWSKI;POLSKA;OBROŃCA;LECHIA GDAŃSK;0,7;2514
29;BRADLY VAN HOEVEN;HOLANDIA;POMOCNIK;MOTOR LUBLIN;1,7;2512
0;ERYK KOZŁOWSKI;POLSKA;POMOCNIK;JAGIELLONIA BIAŁYSTOK;0,7;2510
0;MATEUSZ DZIEWIATOWSKI;POLSKA;POMOCNIK;ZAGŁĘBIE LUBIN;0,7;2508
32;JESUS DIAZ;KOLUMBIA;POMOCNIK;RAKÓW CZĘSTOCHOWA;1,8;2507
12;DIMÍTRIOS KERAMÍTSIS;GRECJA;OBROŃCA;POGOŃ SZCZECIN;1,7;2505
9;ANDRÉAS KATSANTÓNIS;CYPR;NAPASTNIK;PIAST GLIWICE;1,7;2502
16;CEZARY POLAK;POLSKA;OBROŃCA;JAGIELLONIA BIAŁYSTOK;1,7;2500
54;PATRIK WÅLEMARK;SZWECJA;POMOCNIK;LECH POZNAŃ;2,3;2498
24;MAXIMILLIAN OYEDELE;POLSKA;POMOCNIK;LEGIA WARSZAWA;1,7;2495
32;BUJAR PLLANA;KOSOWO;OBROŃCA;LECHIA GDAŃSK;1,7;2494
33;ANTON CARENKO;UKRAINA;POMOCNIK;LECHIA GDAŃSK;1,6;2493
0;MACIEJ WOJCIECHOWSKI;POLSKA;POMOCNIK;POGOŃ SZCZECIN;0,7;2491
2;LEVIS PITAN;POLSKA;OBROŃCA;PIAST GLIWICE;1,7;2489
17;TOMÁS COSTA SILVA;PORTUGALIA;OBROŃCA;JAGIELLONIA BIAŁYSTOK;1,8;2484
56;OSVALDO CAPEMBA;ANGOLA;POMOCNIK;RADOMIAK RADOM;1,8;2483
13;SERGI SAMPER;HISZPANIA;POMOCNIK;MOTOR LUBLIN;1,7;2482
52;AJDIN HASIĆ;BOŚNIA I HERCEGOWINA;POMOCNIK;CRACOVIA;2;2481
54;DANIEL HÅKANS;FINLANDIA;POMOCNIK;LECH POZNAŃ;2,2;2480
15;MARCEL REGUŁA;POLSKA;POMOCNIK;ZAGŁĘBIE LUBIN;1,2;2477
85;JONATAN BRAUT BRUNES;NORWEGIA;NAPASTNIK;RAKÓW CZĘSTOCHOWA;2,6;2476
0;JAKUB GRZEJSZCZAK;POLSKA;OBROŃCA;WIDZEW ŁÓDŹ;0,7;2475
28;MICHALIS KOSIDIS;GRECJA;NAPASTNIK;ZAGŁĘBIE LUBIN;1,9;2473
32;BARTŁOMIEJ SMOLARCZYK;POLSKA;OBROŃCA;KORONA KIELCE;1,7;2472
0;MIGOUEL ALFARELA;FRANCJA;NAPASTNIK;LEGIA WARSZAWA;2;2471
0;TYMOTEUSZ GMUR;POLSKA;POMOCNIK;LECH POZNAŃ;0,7;2469
0;KRYSTIAN HARCIŃSKI;POLSKA;BRAMKARZ;RADOMIAK RADOM;0,7;2468
2;MATEUSZ SZCZEPANIAK;POLSKA;POMOCNIK;LEGIA WARSZAWA;0,7;2467
2;KARL WENDT;SZWECJA;POMOCNIK;LECHIA GDAŃSK;1,7;2463
36;AMIR AL-AMMARI;IRAK;POMOCNIK;CRACOVIA;1,8;2462
46;TAOFEEK ISMAHEEL;NIGERIA;POMOCNIK;GÓRNIK ZABRZE;1,8;2461
2;OSKAR LACHOWICZ;POLSKA;POMOCNIK;CRACOVIA;0,8;2459
34;HUBERT ZWOŹNY;POLSKA;OBROŃCA;KORONA KIELCE;1,7;2458
13;CHRISTOPHER SIMON;SENEGAL;POMOCNIK;MOTOR LUBLIN;1,7;2456
41;PAU RESTA;HISZPANIA;OBROŃCA;KORONA KIELCE;1,8;2454
19;BRYAN FIABEMA;NORWEGIA;NAPASTNIK;LECH POZNAŃ;1,8;2451
0;IVAN BRKIĆ;CHORWACJA;BRAMKARZ;MOTOR LUBLIN;1,7;2450
23;ALEX DOUGLAS;SZWECJA;OBROŃCA;LECH POZNAŃ;2;2448
28;MARCEL KRAJEWSKI;POLSKA;OBROŃCA;WIDZEW ŁÓDŹ;1,7;2444
38;SAMUEL KOZLOVSKÝ;SŁOWACJA;OBROŃCA;WIDZEW ŁÓDŹ;1,8;2443
52;ADRIANO AMORIM;BRAZYLIA;POMOCNIK;RAKÓW CZĘSTOCHOWA;1,9;2436
14;ZIÉ OUATTARA;WKS;OBROŃCA;RADOMIAK RADOM;1,8;2435
46;RÚBEN VINAGRE;PORTUGALIA;OBROŃCA;LEGIA WARSZAWA;2,2;2431
0;JEAN-PIERRE NSAME;KAMERUN;NAPASTNIK;LEGIA WARSZAWA;1,8;2430
0;MARCEL MENDES-DUDZIŃSKI;POLSKA;BRAMKARZ;LEGIA WARSZAWA;1,3;2429
25;CLAUDE GONÇALVES;PORTUGALIA;POMOCNIK;LEGIA WARSZAWA;1,8;2428
46;FILIP WÓJCIK;POLSKA;OBROŃCA;MOTOR LUBLIN;1,8;2425
58;BARTOSZ WOLSKI;POLSKA;POMOCNIK;MOTOR LUBLIN;2;2424
37;MBAYE N'DIAYE;SENEGAL;POMOCNIK;MOTOR LUBLIN;1,7;2423
0;SEBASTIAN KOZIEJ;POLSKA;POMOCNIK;MOTOR LUBLIN;0,7;2421
17;FILIP LUBERECKI;POLSKA;OBROŃCA;MOTOR LUBLIN;1,6;2417
13;MAREK BARTOŠ;SŁOWACJA;OBROŃCA;MOTOR LUBLIN;1,7;2415
60;BOHDAN WJUNNYK;UKRAINA;NAPASTNIK;LECHIA GDAŃSK;1,9;2413
60;TOMÁŠ BOBČEK;SŁOWACJA;NAPASTNIK;LECHIA GDAŃSK;1,9;2411
38;IWAN ŻELIZKO;UKRAINA;POMOCNIK;LECHIA GDAŃSK;1,7;2410
0;ADAM KARDAŚ;POLSKA;POMOCNIK;LECHIA GDAŃSK;0,7;2409
55;RIFET KAPIĆ;BOŚNIA I HERCEGOWINA;POMOCNIK;LECHIA GDAŃSK;1,9;2408
24;ELIAS OLSSON;SZWECJA;OBROŃCA;LECHIA GDAŃSK;1,7;2405
30;MIŁOSZ KAŁAHUR;POLSKA;OBROŃCA;LECHIA GDAŃSK;1,7;2404
0;MARCEL BAJKO;POLSKA;OBROŃCA;LECHIA GDAŃSK;0,8;2400
11;BOHDAN SARNAWŚKYJ;UKRAINA;BRAMKARZ;LECHIA GDAŃSK;1,7;2399
0;KACPER GUTOWSKI;POLSKA;BRAMKARZ;LECHIA GDAŃSK;0,7;2397
0;IGOR KORNOBIS;POLSKA;NAPASTNIK;LECH POZNAŃ;0,7;2396
37;MIKI VILLAR;HISZPANIA;POMOCNIK;JAGIELLONIA BIAŁYSTOK;1,9;2391
23;LAMINE DIABY-FADIGA;FRANCJA;NAPASTNIK;RAKÓW CZĘSTOCHOWA;1,7;2389
31;JOSÉ MANUEL JOSEMA;HISZPANIA;OBROŃCA;GÓRNIK ZABRZE;1,7;2387
41;PATRIK HELLEBRAND;CZECHY;POMOCNIK;GÓRNIK ZABRZE;1,7;2386
19;LUKÁŠ AMBROS;CZECHY;POMOCNIK;GÓRNIK ZABRZE;1,6;2385
57;BORJA GALÁN;HISZPANIA;POMOCNIK;GKS KATOWICE;1,9;2384
0;KACPER PIETRZYK;POLSKA;NAPASTNIK;GKS KATOWICE;0,9;2382
0;KACPER ĆWIELONG;POLSKA;POMOCNIK;GKS KATOWICE;0,7;2380
0;ALAN BRÓD;POLSKA;POMOCNIK;GKS KATOWICE;0,8;2379
0;ŁUKASZ TREPKA;POLSKA;OBROŃCA;GKS KATOWICE;0,7;2376
2;BARTOSZ JAROSZEK;POLSKA;OBROŃCA;GKS KATOWICE;1,5;2375
0;PATRYK SZCZUKA;POLSKA;BRAMKARZ;GKS KATOWICE;0,7;2374
54;DAWID KUDŁA;POLSKA;BRAMKARZ;GKS KATOWICE;1,9;2372
22;BARTOSZ BIEDRZYCKI;POLSKA;POMOCNIK;CRACOVIA;1,6;2371
0;ALEKSANDER TOBOLIK;POLSKA;POMOCNIK;GÓRNIK ZABRZE;0,7;2368
20;WOJCIECH MOŃKA;POLSKA;OBROŃCA;LECH POZNAŃ;1,6;2367
0;KONRAD GOLONKA;POLSKA;BRAMKARZ;CRACOVIA;0,7;2366
24;DAVÍÐ ÓLAFSSON;ISLANDIA;OBROŃCA;CRACOVIA;1,7;2359
52;RAFAŁ GIKIEWICZ;POLSKA;BRAMKARZ;WIDZEW ŁÓDŹ;1,8;2354
52;MIKKEL MAIGAARD;DANIA;POMOCNIK;CRACOVIA;2,1;2353
16;FABIAN BZDYL;POLSKA;POMOCNIK;CRACOVIA;1,2;2352
29;BRUNO JORDÃO;PORTUGALIA;POMOCNIK;RADOMIAK RADOM;1,7;2349
13;ANTONI KLUKOWSKI;POLSKA;NAPASTNIK;WIDZEW ŁÓDŹ;1;2348
0;KACPER GOŁĘBIEWSKI;POLSKA;POMOCNIK;POGOŃ SZCZECIN;0,7;2347
0;JAKUB ŻEWŁAKOW;POLSKA;POMOCNIK;LEGIA WARSZAWA;0,7;2346
20;WOJCIECH URBAŃSKI;POLSKA;POMOCNIK;LEGIA WARSZAWA;1,7;2345
27;JAKUB ADKONIS;POLSKA;POMOCNIK;LEGIA WARSZAWA;0,7;2344
27;KORNEL LISMAN;POLSKA;POMOCNIK;LECH POZNAŃ;1,6;2343
2;GUILHERME ZIMOVSKI;POLSKA;NAPASTNIK;RADOMIAK RADOM;1,7;2339
3;NOAH DILIBERTO;FRANCJA;POMOCNIK;WIDZEW ŁÓDŹ;1,8;2334
40;ERICK OTIENO;KENIA;OBROŃCA;RAKÓW CZĘSTOCHOWA;1,9;2325
0;RAHIL MAMMADOV;AZERBEJDŻAN;OBROŃCA;RADOMIAK RADOM;1,6;2321
49;RYŌYA MORISHITA;JAPONIA;POMOCNIK;LEGIA WARSZAWA;2,3;2317
1;MATEUSZ PRUCHNIEWSKI;POLSKA;BRAMKARZ;LECH POZNAŃ;0,7;2316
17;PATRYK PARYZEK;POLSKA;NAPASTNIK;POGOŃ SZCZECIN;1,7;2312
2;PAWEŁ KWIATKOWSKI;POLSKA;OBROŃCA;WIDZEW ŁÓDŹ;0,7;2311
0;MUHAMED ŠAHINOVIĆ;BOŚNIA I HERCEGOWINA;BRAMKARZ;RAKÓW CZĘSTOCHOWA;1,6;2310
1;ADAM CHOJECKI;POLSKA;POMOCNIK;KORONA KIELCE;1;2302
3;WIKTOR KOPTAS;POLSKA;BRAMKARZ;RADOMIAK RADOM;1,2;2300
8;DANIEL BĄK;POLSKA;NAPASTNIK;KORONA KIELCE;0,7;2295
0;RADOSŁAW TUREK;POLSKA;OBROŃCA;KORONA KIELCE;0,7;2293
46;BARTŁOMIEJ BARAŃSKI;POLSKA;POMOCNIK;LECH POZNAŃ;0,7;2292
48;MARCO BURCH;SZWAJCARIA;OBROŃCA;LEGIA WARSZAWA;1,8;2290
0;OLIWIER ZYCH;POLSKA;BRAMKARZ;RAKÓW CZĘSTOCHOWA;1,8;2287
62;VALENTIN COJOCARU;RUMUNIA;BRAMKARZ;POGOŃ SZCZECIN;2;2286
0;KAMIL GLIK;POLSKA;OBROŃCA;CRACOVIA;1,7;2283
0;ANDREAS SKOVGAARD;DANIA;OBROŃCA;CRACOVIA;1,7;2282
22;SEBASTIAN KERK;NIEMCY;POMOCNIK;ARKA GDYNIA;1,8;2281
72;FREDRIK ULVESTAD;NORWEGIA;POMOCNIK;POGOŃ SZCZECIN;2,3;2280
23;ALVIS JAUNZEMS;ŁOTWA;OBROŃCA;LECHIA GDAŃSK;1,7;2279
0;BARTŁOMIEJ KOLEC;POLSKA;POMOCNIK;CRACOVIA;0,7;2274
8;SRĐAN PLAVŠIĆ;SERBIA;OBROŃCA;RAKÓW CZĘSTOCHOWA;1,8;2269
0;KACPER KUCHARCZYK;POLSKA;POMOCNIK;KORONA KIELCE;0,7;2263
15;DOMINIK SZALA;POLSKA;OBROŃCA;GÓRNIK ZABRZE;1,5;2261
0;MIKOŁAJ MOLENDOWSKI;POLSKA;POMOCNIK;RADOMIAK RADOM;0,7;2256
31;JORDAN MAJCHRZAK;POLSKA;NAPASTNIK;LEGIA WARSZAWA;1,5;2252
2;ALAN RYBAK;POLSKA;NAPASTNIK;JAGIELLONIA BIAŁYSTOK;1;2251
0;DAWID RYCHTA;POLSKA;BRAMKARZ;PIAST GLIWICE;0,7;2250
0;MICHAŁ NIEDBAŁA;POLSKA;BRAMKARZ;KORONA KIELCE;0,7;2240
33;IGOR ORLIKOWSKI;POLSKA;OBROŃCA;ZAGŁĘBIE LUBIN;1,7;2239
80;ALI GHOLIZADEH;IRAN;POMOCNIK;LECH POZNAŃ;2,9;2234
0;FILIP PRZYBUŁEK;POLSKA;POMOCNIK;WIDZEW ŁÓDŹ;0,7;2228
18;KAMIL CYBULSKI;POLSKA;POMOCNIK;WIDZEW ŁÓDŹ;1,7;2226
52;FRAN ÁLVAREZ;HISZPANIA;POMOCNIK;WIDZEW ŁÓDŹ;2;2225
28;DAWID BARNOWSKI;POLSKA;POMOCNIK;WISŁA PŁOCK;1,3;2217
115;EFTHÝMIOS KOULOÚRIS;GRECJA;NAPASTNIK;POGOŃ SZCZECIN;3,8;2214
39;JUERGEN ELITIM;KOLUMBIA;POMOCNIK;LEGIA WARSZAWA;2;2211
0;ELIAS ANDERSSON;SZWECJA;OBROŃCA;LECH POZNAŃ;1,8;2209
36;MARTIN REMACLE;BELGIA;POMOCNIK;KORONA KIELCE;1,7;2208
44;ADRIÁN DALMAU;HISZPANIA;NAPASTNIK;PIAST GLIWICE;1,8;2206
63;AFIMICO PULULU;ANGOLA;NAPASTNIK;JAGIELLONIA BIAŁYSTOK;2,7;2205
23;DAMIAN URBAN;POLSKA;OBROŃCA;CRACOVIA;0,7;2202
24;MAREK MRÓZ;POLSKA;POMOCNIK;ZAGŁĘBIE LUBIN;1,8;2200
0;JAN KRZYWAŃSKI;POLSKA;BRAMKARZ;WIDZEW ŁÓDŹ;0,8;2198
15;RADOVAN PANKOV;SERBIA;OBROŃCA;LEGIA WARSZAWA;1,8;2191
1;ADRIÁN DIÉGUEZ;HISZPANIA;OBROŃCA;JAGIELLONIA BIAŁYSTOK;2;2189
52;MATEUSZ KOWALCZYK;POLSKA;POMOCNIK;GKS KATOWICE;2;2176
27;MARCEL PIĘCZEK;POLSKA;OBROŃCA;KORONA KIELCE;1,7;2163
26;ROMAN JAKUBA;UKRAINA;OBROŃCA;ZAGŁĘBIE LUBIN;1,7;2160
22;TOMASZ WÓJTOWICZ;POLSKA;POMOCNIK;LECHIA GDAŃSK;1,7;2150
0;BARTOSZ TOMASZEWSKI;POLSKA;OBROŃCA;LECH POZNAŃ;0,7;2134
38;MICHAŁ GURGUL;POLSKA;OBROŃCA;LECH POZNAŃ;1,9;2123
0;JAKUB BUREK;POLSKA;BRAMKARZ;WISŁA PŁOCK;1;2114
55;CAMILO MENA;KOLUMBIA;POMOCNIK;LECHIA GDAŃSK;1,9;2110
48;DANIJEL LONČAR;CHORWACJA;OBROŃCA;POGOŃ SZCZECIN;1,8;2107
17;MICHAL SÁČEK;CZECHY;OBROŃCA;GÓRNIK ZABRZE;1,8;2104
19;DUŠAN STOJINOVIĆ;SŁOWENIA;OBROŃCA;JAGIELLONIA BIAŁYSTOK;1,7;2100
29;JAN ZIÓŁKOWSKI;POLSKA;OBROŃCA;LEGIA WARSZAWA;1,8;2095
44;ADRIAN PRZYBOREK;POLSKA;POMOCNIK;POGOŃ SZCZECIN;1,7;2092
16;CHRÍSTOS DÓNIS;GRECJA;POMOCNIK;RADOMIAK RADOM;1,7;2090
29;JANI ATANASOV;MACEDONIA;POMOCNIK;CRACOVIA;1,7;2088
0;AURÉLIEN NGUIAMBA;FRANCJA;POMOCNIK;ARKA GDYNIA;1,6;2083
32;LEONARDO ROCHA;PORTUGALIA;NAPASTNIK;RAKÓW CZĘSTOCHOWA;2;2082
21;FRANCISCO RAMOS;PORTUGALIA;POMOCNIK;RADOMIAK RADOM;1,7;2080
54;LINUS WAHLQVIST;SZWECJA;OBROŃCA;POGOŃ SZCZECIN;2,1;2073
60;LEONÁRDO KOÚTRIS;GRECJA;OBROŃCA;POGOŃ SZCZECIN;2,2;2071
0;SZCZEPAN MUCHA;POLSKA;POMOCNIK;PIAST GLIWICE;1;2069
0;DOMINICK ZATOR;POLSKA;OBROŃCA;ARKA GDYNIA;1,7;2067
36;DAVID GONZÁLEZ PLATA;HISZPANIA;POMOCNIK;KORONA KIELCE;1,8;2066
0;PIOTR LISZEWSKI;POLSKA;OBROŃCA;PIAST GLIWICE;1,2;2063
31;JAKUB KOLAN;POLSKA;POMOCNIK;ZAGŁĘBIE LUBIN;1,4;2059
41;FILIP KOCABA;POLSKA;POMOCNIK;ZAGŁĘBIE LUBIN;0,7;2058
0;JÓZEF KOLASA;POLSKA;POMOCNIK;RADOMIAK RADOM;0,7;2057
23;SEBASTIAN MADEJSKI;POLSKA;BRAMKARZ;CRACOVIA;1,7;2053
46;RAFAŁ MAMLA;POLSKA;BRAMKARZ;KORONA KIELCE;1,7;2052
41;DAWID KURMINOWSKI;POLSKA;NAPASTNIK;ZAGŁĘBIE LUBIN;1,8;2047
23;DAWID DRACHAL;POLSKA;POMOCNIK;JAGIELLONIA BIAŁYSTOK;1,7;2046
3;OSKAR LEŚNIAK;POLSKA;POMOCNIK;PIAST GLIWICE;0,7;2032
0;KRZYSZTOF KOLANKO;POLSKA;POMOCNIK;ZAGŁĘBIE LUBIN;1;2028
59;TORNIKE GAPRINDASZWILI;GRUZJA;POMOCNIK;ARKA GDYNIA;1,8;2021
0;JAKUB LEWICKI;POLSKA;OBROŃCA;PIAST GLIWICE;1,6;2016
42;LÉO BORGES;BRAZYLIA;OBROŃCA;POGOŃ SZCZECIN;1,8;2002
16;MIŁOSZ STRZEBOŃSKI;POLSKA;POMOCNIK;KORONA KIELCE;1,4;1994
17;FABIAN HISZPAŃSKI;POLSKA;POMOCNIK;WISŁA PŁOCK;1,7;1990
13;JAKUB LIS;POLSKA;OBROŃCA;POGOŃ SZCZECIN;1,3;1982
15;ZVONIMIR PETROVIĆ;BOŚNIA I HERCEGOWINA;POMOCNIK;ARKA GDYNIA;1,7;1973
112;NEMANJA MIJUŚKOVIĆ;CZARNOGÓRA;OBROŃCA;WISŁA PŁOCK;1,8;1968
76;AFONSO SOUSA;PORTUGALIA;POMOCNIK;LECH POZNAŃ;3,2;1964
18;HENRICH RAVAS;SŁOWACJA;BRAMKARZ;CRACOVIA;1,7;1948
34;MAREK HANOUSEK;CZECHY;POMOCNIK;WIDZEW ŁÓDŹ;1,7;1944
54;JULJAN SHEHU;ALBANIA;POMOCNIK;WIDZEW ŁÓDŹ;2;1935
42;STEVE KAPUADI;FRANCJA;OBROŃCA;LEGIA WARSZAWA;2;1931
63;STRATOS SVARNAS;GRECJA;OBROŃCA;RAKÓW CZĘSTOCHOWA;2,4;1928
34;ROBERTO ALVES;SZWAJCARIA;POMOCNIK;RADOMIAK RADOM;1,7;1926
3;GABRIEL KOBYLAK;POLSKA;BRAMKARZ;LEGIA WARSZAWA;1,8;1925
35;DOMINIK PIŁA;POLSKA;POMOCNIK;CRACOVIA;1,7;1922
2;WOJCIECH ŁASKI;POLSKA;POMOCNIK;JAGIELLONIA BIAŁYSTOK;1,5;1919
12;PAWEŁ OLKOWSKI;POLSKA;OBROŃCA;GÓRNIK ZABRZE;1,7;1918
33;MACIEJ KIKOLSKI;POLSKA;BRAMKARZ;WIDZEW ŁÓDŹ;1,7;1906
62;WŁADYSŁAW KOCZERHIN;UKRAINA;POMOCNIK;RAKÓW CZĘSTOCHOWA;2;1900
53;MARC GUAL;HISZPANIA;NAPASTNIK;LEGIA WARSZAWA;2,3;1898
61;DANI PACHECO;HISZPANIA;POMOCNIK;WISŁA PŁOCK;1,8;1893
34;KACPER ŁUKASIAK;POLSKA;POMOCNIK;GKS KATOWICE;1,7;1889
53;ILJA SZKURIN;BIAŁORUŚ;NAPASTNIK;LEGIA WARSZAWA;2,1;1880
0;JAKUB SNOPCZYŃSKI;POLSKA;POMOCNIK;RADOMIAK RADOM;0,7;1870
40;IGOR STRZAŁEK;POLSKA;POMOCNIK;BRUK-BET TERMALICA NIECIECZA;1,7;1865
3;MAKSYMILIAN PINGOT;POLSKA;OBROŃCA;GÓRNIK ZABRZE;1,7;1859
25;JAKUB ANTCZAK;POLSKA;POMOCNIK;LECH POZNAŃ;1,4;1858
28;NIKODEM ZIELONKA;POLSKA;POMOCNIK;GÓRNIK ZABRZE;1;1854
0;BOGDAN RACOVIȚAN;RUMUNIA;OBROŃCA;RAKÓW CZĘSTOCHOWA;1,8;1853
23;WAHAN BICZACHCZJAN;ARMENIA;POMOCNIK;LEGIA WARSZAWA;1,8;1835
42;MIŁOSZ PIEKUTOWSKI;POLSKA;BRAMKARZ;JAGIELLONIA BIAŁYSTOK;0,9;1830
64;TOMASZ WALCZAK;POLSKA;NAPASTNIK;RAKÓW CZĘSTOCHOWA;1,1;1818
0;PATRYK KUSZTAL;POLSKA;NAPASTNIK;ZAGŁĘBIE LUBIN;1,2;1814
58;SŁAWOMIR ABRAMOWICZ;POLSKA;BRAMKARZ;JAGIELLONIA BIAŁYSTOK;2;1795
95;KAMIL GROSICKI;POLSKA;POMOCNIK;POGOŃ SZCZECIN;3,5;1794
34;SZYMON WEIRAUCH;POLSKA;BRAMKARZ;LECHIA GDAŃSK;1,7;1773
0;KACPER LEPCZYŃSKI;POLSKA;OBROŃCA;ZAGŁĘBIE LUBIN;0,9;1772
17;BARTŁOMIEJ KŁUDKA;POLSKA;POMOCNIK;ZAGŁĘBIE LUBIN;1,7;1771
65;TOMASZ PIEŃKO;POLSKA;POMOCNIK;ZAGŁĘBIE LUBIN;2,2;1770
27;JAKUB MĄDRZYK;POLSKA;BRAMKARZ;RAKÓW CZĘSTOCHOWA;1,6;1766
65;BARTOSZ MROZEK;POLSKA;BRAMKARZ;LECH POZNAŃ;2,1;1757
11;KONRAD MATUSZEWSKI;POLSKA;OBROŃCA;KORONA KIELCE;1,8;1756
38;MICHAŁ KRÓL;POLSKA;POMOCNIK;MOTOR LUBLIN;1,8;1754
35;IGOR DRAPIŃSKI;POLSKA;OBROŃCA;PIAST GLIWICE;1,7;1747
0;MIKOŁAJ BIEGAŃSKI;POLSKA;BRAMKARZ;WIDZEW ŁÓDŹ;1,5;1739
23;SZYMON CZYŻ;POLSKA;POMOCNIK;WIDZEW ŁÓDŹ;1,6;1737
4;MICHAEL AMEYAW;POLSKA;POMOCNIK;RAKÓW CZĘSTOCHOWA;1,9;1719
32;KACPER TOBIASZ;POLSKA;BRAMKARZ;LEGIA WARSZAWA;1,9;1715
53;JOEL PEREIRA;PORTUGALIA;OBROŃCA;LECH POZNAŃ;2,2;1712
47;ANDRZEJ TRUBEHA;POLSKA;POMOCNIK;BRUK-BET TERMALICA NIECIECZA;1,7;1710
55;LUKAS PODOLSKI;NIEMCY;POMOCNIK;GÓRNIK ZABRZE;2;1702
16;KAROL KNAP;POLSKA;POMOCNIK;CRACOVIA;1,7;1698
40;OTAR KAKABADZE;GRUZJA;OBROŃCA;CRACOVIA;1,8;1697
26;JAKUB JUGAS;CZECHY;OBROŃCA;CRACOVIA;1,7;1696
0;MARCEL SZYMAŃSKI;POLSKA;NAPASTNIK;ARKA GDYNIA;0,9;1692
6;ROSSI PEREIRA LEÂNDRO;BRAZYLIA;POMOCNIK;RADOMIAK RADOM;1,7;1688
36;MICHAŁ KAPUT;POLSKA;POMOCNIK;RADOMIAK RADOM;1,7;1681
50;FILIP MAJCHROWICZ;POLSKA;BRAMKARZ;RADOMIAK RADOM;1,8;1675
19;ADAM RADWAŃSKI;POLSKA;POMOCNIK;ZAGŁĘBIE LUBIN;1,7;1653
0;FILIP KOPERSKI;POLSKA;OBROŃCA;LECHIA GDAŃSK;1,4;1635
48;ANTONI KOZUBAL;POLSKA;POMOCNIK;LECH POZNAŃ;2;1632
28;FILIP BOROWSKI;POLSKA;OBROŃCA;PIAST GLIWICE;1,4;1623
17;KRYSTIAN PALACZ;POLSKA;OBROŃCA;MOTOR LUBLIN;1,6;1618
1;ADAM ZREĽÁK;SŁOWACJA;NAPASTNIK;GKS KATOWICE;1,8;1616
47;BOJAN NASTIĆ;BOŚNIA I HERCEGOWINA;OBROŃCA;WISŁA PŁOCK;1,7;1597
0;PATRYK KONIK;POLSKA;OBROŃCA;LEGIA WARSZAWA;0,7;1580
0;JAN BIEGAŃSKI;POLSKA;POMOCNIK;POGOŃ SZCZECIN;1,7;1578
32;BARTOSZ SALAMON;POLSKA;OBROŃCA;LECH POZNAŃ;1,8;1574
54;ANTONIO MILIĆ;CHORWACJA;OBROŃCA;LECH POZNAŃ;2,1;1573
2;OSKAR WÓJCIK;POLSKA;OBROŃCA;CRACOVIA;0,9;1569
0;SZYMON PANKIEWICZ;POLSKA;OBROŃCA;JAGIELLONIA BIAŁYSTOK;0,7;1561
54;LUKA ZAHOVIČ;SŁOWENIA;NAPASTNIK;GÓRNIK ZABRZE;2;1553
39;NORBERT WOJTUSZEK;POLSKA;OBROŃCA;JAGIELLONIA BIAŁYSTOK;1,8;1540
86;IVÁN LÓPEZ;HISZPANIA;POMOCNIK;RAKÓW CZĘSTOCHOWA;2,8;1539
65;MARIUSZ FORNALCZYK;POLSKA;POMOCNIK;WIDZEW ŁÓDŹ;2,3;1529
15;KONRAD GRUSZKOWSKI;POLSKA;OBROŃCA;GKS KATOWICE;1,6;1528
12;DAWID ABRAMOWICZ;POLSKA;OBROŃCA;ARKA GDYNIA;1,7;1524
30;BARTOSZ KAPUSTKA;POLSKA;POMOCNIK;LEGIA WARSZAWA;2,4;1521
16;PATRYK JANASIK;POLSKA;OBROŃCA;CRACOVIA;1,7;1491
83;KACPER TRELOWSKI;POLSKA;BRAMKARZ;RAKÓW CZĘSTOCHOWA;2,3;1490
30;KACPER SEZONIENKO;POLSKA;NAPASTNIK;LECHIA GDAŃSK;1,7;1477
31;KRZYSZTOF BĄKOWSKI;POLSKA;BRAMKARZ;LECH POZNAŃ;1,4;1476
51;SZYMON SOBCZAK;POLSKA;NAPASTNIK;ARKA GDYNIA;1,8;1474
9;KAMIL LUKOSZEK;POLSKA;POMOCNIK;GÓRNIK ZABRZE;1,7;1471
13;JAKUB MYSZOR;POLSKA;POMOCNIK;RAKÓW CZĘSTOCHOWA;1,7;1469
47;KAJETAN SZMYT;POLSKA;POMOCNIK;ZAGŁĘBIE LUBIN;1,8;1464
18;JĘDRZEJ GROBELNY;POLSKA;BRAMKARZ;ARKA GDYNIA;1,5;1459
38;ALEKS ŁAWNICZAK;POLSKA;OBROŃCA;ZAGŁĘBIE LUBIN;1,7;1455
14;WOJCIECH LISOWSKI;POLSKA;OBROŃCA;POGOŃ SZCZECIN;1,6;1440
0;RAFAŁ STRĄCZEK;POLSKA;BRAMKARZ;GKS KATOWICE;1,6;1435
122;DAMIAN HILBRYCHT;POLSKA;OBROŃCA;BRUK-BET TERMALICA NIECIECZA;1,8;1430
31;MICHAŁ RZUCHOWSKI;POLSKA;POMOCNIK;ARKA GDYNIA;1,6;1425
19;MATEUSZ MARZEC;POLSKA;POMOCNIK;GKS KATOWICE;1,6;1424
53;RAFAŁ LESZCZYŃSKI;POLSKA;BRAMKARZ;WISŁA PŁOCK;1,7;1411
0;RADOSŁAW SEWERYŚ;POLSKA;OBROŃCA;KORONA KIELCE;0,7;1407
0;NIKODEM NISKI;POLSKA;POMOCNIK;KORONA KIELCE;1,4;1404
0;RADOSŁAW CIELEMĘCKI;POLSKA;POMOCNIK;RADOMIAK RADOM;1,4;1402
44;KRYSPIN SZCZEŚNIAK;POLSKA;OBROŃCA;GÓRNIK ZABRZE;1,8;1401
4;XAVIER DZIEKOŃSKI;POLSKA;BRAMKARZ;KORONA KIELCE;1,6;1400
41;JAKUB SYPEK;POLSKA;POMOCNIK;ZAGŁĘBIE LUBIN;1,7;1398
32;ARIEL MOSÓR;POLSKA;OBROŃCA;RAKÓW CZĘSTOCHOWA;1,9;1386
0;ALEKSANDER PAWLAK;POLSKA;POMOCNIK;WISŁA PŁOCK;1,4;1369
0;BARTŁOMIEJ WDOWIK;POLSKA;OBROŃCA;JAGIELLONIA BIAŁYSTOK;2,2;1363
34;KACPER CHODYNA;POLSKA;POMOCNIK;LEGIA WARSZAWA;2;1360
0;KRZYSZTOF KAMIŃSKI;POLSKA;BRAMKARZ;POGOŃ SZCZECIN;1,7;1358
56;DAWID KOCYŁA;POLSKA;POMOCNIK;ARKA GDYNIA;1,7;1345
35;FRAN TUDOR;CHORWACJA;OBROŃCA;RAKÓW CZĘSTOCHOWA;2,2;1341
38;ERIK JIRKA;SŁOWACJA;POMOCNIK;PIAST GLIWICE;1,9;1332
53;MACIEJ ROSOŁEK;POLSKA;NAPASTNIK;GKS KATOWICE;1,8;1322
38;PAWEŁ WSZOŁEK;POLSKA;OBROŃCA;LEGIA WARSZAWA;2,1;1319
55;JEAN CARLOS SILVA;BRAZYLIA;OBROŃCA;RAKÓW CZĘSTOCHOWA;2,3;1299
0;KAROL STRUSKI;POLSKA;POMOCNIK;RAKÓW CZĘSTOCHOWA;2;1290
12;DAMIAN MICHALSKI;POLSKA;OBROŃCA;ZAGŁĘBIE LUBIN;1,7;1280
28;ARKADIUSZ KASPERKIEWICZ;POLSKA;OBROŃCA;BRUK-BET TERMALICA NIECIECZA;1,6;1256
25;MARCEL WĘDRYCHOWSKI;POLSKA;POMOCNIK;GKS KATOWICE;1,7;1252
18;KACPER SMOLIŃSKI;POLSKA;POMOCNIK;POGOŃ SZCZECIN;1,6;1251
14;WOJCIECH KAMIŃSKI;POLSKA;POMOCNIK;KORONA KIELCE;1,4;1244
23;MACIEJ WOLSKI;POLSKA;POMOCNIK;BRUK-BET TERMALICA NIECIECZA;1,6;1238
25;ADAM RATAJCZYK;POLSKA;POMOCNIK;ARKA GDYNIA;1,6;1234
53;JAN GRZESIK;POLSKA;POMOCNIK;RADOMIAK RADOM;2,1;1225
0;KACPER KOSTORZ;POLSKA;NAPASTNIK;POGOŃ SZCZECIN;1,7;1218
42;FILIP SZYMCZAK;POLSKA;NAPASTNIK;LECH POZNAŃ;1,8;1214
0;MIŁOSZ MLECZKO;POLSKA;BRAMKARZ;BRUK-BET TERMALICA NIECIECZA;1,5;1206
25;ALEKSANDER PALUSZEK;POLSKA;OBROŃCA;GKS KATOWICE;1,6;1194
24;PIOTR KRAWCZYK;POLSKA;NAPASTNIK;WISŁA PŁOCK;1,7;1193
38;ERIK JANŽA;SŁOWENIA;OBROŃCA;GÓRNIK ZABRZE;2;1192
0;MICHAŁ RAKOCZY;POLSKA;POMOCNIK;CRACOVIA;1,8;1186
55;MATEUSZ SKRZYPCZAK;POLSKA;OBROŃCA;LECH POZNAŃ;2,3;1169
33;PATRYK MAKUCH;POLSKA;NAPASTNIK;RAKÓW CZĘSTOCHOWA;1,7;1168
14;ALEKSANDER BUKSA;POLSKA;NAPASTNIK;GKS KATOWICE;1,7;1146
0;MATEUSZ PRASZELIK;POLSKA;POMOCNIK;CRACOVIA;1,9;1136
21;HUBERT SOBOL;POLSKA;NAPASTNIK;WIDZEW ŁÓDŹ;1,6;1096
71;KAMIL ZAPOLNIK;POLSKA;NAPASTNIK;BRUK-BET TERMALICA NIECIECZA;1,9;1086
13;TOMASZ MAKOWSKI;POLSKA;POMOCNIK;ZAGŁĘBIE LUBIN;1,8;1055
0;BARTŁOMIEJ ŻYNEL;POLSKA;BRAMKARZ;JAGIELLONIA BIAŁYSTOK;1,4;1029
38;JAKUB ŁABOJKO;POLSKA;POMOCNIK;MOTOR LUBLIN;1,8;1020
50;JORGE FÉLIX GARCIA;HISZPANIA;POMOCNIK;PIAST GLIWICE;2,1;1010
0;KAROL SZYMAŃSKI;POLSKA;BRAMKARZ;PIAST GLIWICE;1,5;1001
25;LUKAS KLEMENZ;POLSKA;OBROŃCA;GKS KATOWICE;1,8;994
37;TOMASZ NEUGEBAUER;POLSKA;POMOCNIK;LECHIA GDAŃSK;1,7;991
38;KRZYSZTOF KUBICA;POLSKA;POMOCNIK;BRUK-BET TERMALICA NIECIECZA;1,7;988
0;JESUS JIMENEZ;HISZPANIA;NAPASTNIK;BRUK-BET TERMALICA NIECIECZA;1,9;987
64;OSKAR REPKA;POLSKA;POMOCNIK;RAKÓW CZĘSTOCHOWA;2,1;979
9;SEBASTIAN MILEWSKI;POLSKA;POMOCNIK;GKS KATOWICE;1,7;964
40;ARKADIUSZ JĘDRYCH;POLSKA;OBROŃCA;GKS KATOWICE;1,8;951
0;MATEUSZ CICHOCKI;POLSKA;OBROŃCA;RADOMIAK RADOM;1,7;950
33;MÄRTEN KUUSK;ESTONIA;OBROŃCA;GKS KATOWICE;1,7;948
18;RAFAŁ AUGUSTYNIAK;POLSKA;POMOCNIK;LEGIA WARSZAWA;1,8;923
48;WIKTOR DŁUGOSZ;POLSKA;POMOCNIK;KORONA KIELCE;1,8;860
25;ARKADIUSZ NAJEMSKI;POLSKA;OBROŃCA;MOTOR LUBLIN;1,7;850
0;MATEUSZ GRZYBEK;POLSKA;OBROŃCA;ZAGŁĘBIE LUBIN;1,7;827
40;MATEUSZ ŻYRO;POLSKA;OBROŃCA;WIDZEW ŁÓDŹ;1,8;813
50;DAWID BŁANIK;POLSKA;POMOCNIK;KORONA KIELCE;1,9;791
56;FRANTIŠEK PLACH;SŁOWACJA;BRAMKARZ;PIAST GLIWICE;1,9;790
49;SEBASTIAN BERGIER;POLSKA;NAPASTNIK;WIDZEW ŁÓDŹ;2;774
25;MATHIEU SCALET;FRANCJA;POMOCNIK;MOTOR LUBLIN;1,6;773
83;JESÚS IMAZ;HISZPANIA;POMOCNIK;JAGIELLONIA BIAŁYSTOK;3,6;765
50;JOÃO OLIVEIRA;SZWAJCARIA;POMOCNIK;ARKA GDYNIA;1,8;754
13;PATRYK KUN;POLSKA;OBROŃCA;LEGIA WARSZAWA;1,7;701
54;ALAN CZERWIŃSKI;POLSKA;OBROŃCA;GKS KATOWICE;1,9;698
46;ZORAN ARSENIĆ;CHORWACJA;OBROŃCA;RAKÓW CZĘSTOCHOWA;2;692
27;MICHAŁ NALEPA;POLSKA;OBROŃCA;ZAGŁĘBIE LUBIN;1,6;681
0;TOMASZ LOSKA;POLSKA;BRAMKARZ;GÓRNIK ZABRZE;1,7;672
88;MACIEJ AMBROSIEWICZ;POLSKA;POMOCNIK;BRUK-BET TERMALICA NIECIECZA;1,8;664
50;RAFAŁ KURZAWA;POLSKA;POMOCNIK;BRUK-BET TERMALICA NIECIECZA;1,9;645
48;BARTOSZ KOPACZ;POLSKA;OBROŃCA;BRUK-BET TERMALICA NIECIECZA;1,8;640
31;MATEUSZ WDOWIAK;POLSKA;POMOCNIK;ZAGŁĘBIE LUBIN;1,8;633
152;WIKTOR NOWAK;POLSKA;POMOCNIK;GÓRNIK ZABRZE;0,7;632
31;PATRYK DZICZEK;POLSKA;POMOCNIK;PIAST GLIWICE;1,9;587
59;MARCIN WASIELEWSKI;POLSKA;OBROŃCA;GKS KATOWICE;2,1;563
4;ARTUR JĘDRZEJCZYK;POLSKA;OBROŃCA;LEGIA WARSZAWA;1,7;535
57;BARTOSZ NOWAK;POLSKA;POMOCNIK;GKS KATOWICE;1,9;480
15;JAKUB ŁUKOWSKI;POLSKA;POMOCNIK;GKS KATOWICE;1,7;455
50;DOMINIK KUN;POLSKA;POMOCNIK;WISŁA PŁOCK;1,7;453
33;GRZEGORZ TOMASIEWICZ;POLSKA;POMOCNIK;PIAST GLIWICE;1,7;432
45;ADRIAN BŁĄD;POLSKA;POMOCNIK;GKS KATOWICE;1,8;423
36;PRZEMYSŁAW STOLC;POLSKA;OBROŃCA;ARKA GDYNIA;1,6;419
108;MICHAŁ MARCJANIK;POLSKA;OBROŃCA;ARKA GDYNIA;1,8;415
13;ARKADIUSZ WOŹNIAK;POLSKA;POMOCNIK;ZAGŁĘBIE LUBIN;1,7;402
56;JAROSŁAW KUBICKI;POLSKA;POMOCNIK;GÓRNIK ZABRZE;2;395
40;FILIP JAGIEŁŁO;POLSKA;POMOCNIK;LECH POZNAŃ;1,9;392
37;DOMINIK HŁADUN;POLSKA;BRAMKARZ;ZAGŁĘBIE LUBIN;1,8;382
34;ARTEM PUTIWCEW;UKRAINA;OBROŃCA;BRUK-BET TERMALICA NIECIECZA;1,7;334
9;MARCIN LISTKOWSKI;POLSKA;POMOCNIK;JAGIELLONIA BIAŁYSTOK;1,7;278
53;JAKUB CZERWIŃSKI;POLSKA;OBROŃCA;PIAST GLIWICE;1,8;256
14;RADOSŁAW MURAWSKI;POLSKA;POMOCNIK;LECH POZNAŃ;1,7;244
14;TOMASZ MOKWA;POLSKA;OBROŃCA;PIAST GLIWICE;1,7;231
47;RAFAŁ WOLSKI;POLSKA;POMOCNIK;RADOMIAK RADOM;1,8;184
8;BARTŁOMIEJ PAWŁOWSKI;POLSKA;POMOCNIK;WIDZEW ŁÓDŹ;2;181
59;MICHAŁ CHRAPEK;POLSKA;POMOCNIK;PIAST GLIWICE;2;171
15;PAWEŁ STOLARSKI;POLSKA;OBROŃCA;MOTOR LUBLIN;1,6;168
30;RAFAŁ JANICKI;POLSKA;OBROŃCA;GÓRNIK ZABRZE;1,7;166
0;ŁUKASZ BUDZIŁEK;POLSKA;BRAMKARZ;MOTOR LUBLIN;1,2;159
0;ROBERT GUMNY;POLSKA;OBROŃCA;LECH POZNAŃ;2,2;138
8;JASMIN BURIĆ;BOŚNIA I HERCEGOWINA;BRAMKARZ;ZAGŁĘBIE LUBIN;1,6;130
96;ŁUKASZ SEKULSKI;POLSKA;NAPASTNIK;WISŁA PŁOCK;2;128
7;GRZEGORZ ROGALA;POLSKA;OBROŃCA;GKS KATOWICE;1,6;106
37;TARAS ROMANCZUK;POLSKA;POMOCNIK;JAGIELLONIA BIAŁYSTOK;1,8;86
118;DAMIAN WĘGLARZ;POLSKA;BRAMKARZ;ARKA GDYNIA;1,7;57
42;DAMIAN DĄBROWSKI;POLSKA;POMOCNIK;ZAGŁĘBIE LUBIN;1,7;20
0;HUBERT ADAMCZYK;POLSKA;POMOCNIK;ZAGŁĘBIE LUBIN;1,7;15
